text,keywords,my_keywords
"Психолог Марк Ламли о нарушении деятельности человека из-за боли, категоризации типов боли и результатах психотерапевтического лечения
 Если как минимум шесть месяцев вы испытываете болевые ощущения, можно говорить о хроническом болевом синдроме. Возможно, у вас было трудное детство, генетическая предрасположенность или повышенная тревожность (что не должно обесценивать ваши страдания, ведь боль — принципиально субъективная вещь). У вас могут быть повреждены периферические нервы или внутренние органы, — но может оказаться, что ощущение боли формируется прямо в мозгу, словно бы помехи при передаче сигналов между нейронами. И, конечно, трудно не испытывать при этом гнев или чувство бессилия, ведь нейронные пути головного мозга, генерирующие болевые ощущения, тесно связаны с нейронными путями, задействованными в генерировании эмоций. О том, как устроена хроническая боль, рассказывает психолог Марк Ламли.
 Читайте эту статью на английском.
 Многие исследователи называют хроническую боль постоянной. Обычно она характеризуется двумя особенностями: боль присутствует у пациента почти каждый день и длится по меньшей мере шесть месяцев. Таково определение, но с ним сопряжены определенные проблемы. Оно подразумевает, что боль связана с каким-то повреждением, то есть человек получает травму или, например, переживает хирургическую операцию. В этом случае естественно ожидать острую боль. Она обычно продолжается пару часов, дней или даже несколько месяцев, но, если рана не заживает, такая боль становится длительной. И если она продолжается как минимум шесть месяцев, можно говорить о хроническом болевом синдроме.
 Оказывается, что для некоторых типов хронической боли такая модель работает, но для других — нет. Например, для регулярной головной боли, которая обычно не связана с травмой, а также для синдрома раздраженного кишечника, болей в животе, тазовой боли или фибромиалгии — у них обычно нет конкретного повода. Если к острой боли привела конкретная травма, у некоторых людей она не заживает или заживает физиологически, в тканях, но боль остается, и какие-то сбои в нейронных механизмах в мозге делают ее хронической.
 Психологические корреляты боли
 Боль — это субъективное переживание, и, несмотря на то что можно найти нейропатологические корреляты боли и некоторые корреляты в автономной нервной системе, ее по-прежнему определяют как субъективное переживание, которое каким-то образом транслируется вовне. Боль может проявляться в выражении лица человека, в его поведении или движениях. Тем не менее специалисты данной области сходятся в том, что боль принципиально субъективна: нам приходится полагаться на слова пациента о характере и остроте боли.
 С болью связано несколько особенностей и проблем. Одна из них — нарушение нормальной деятельности: повседневная жизнь людей так или иначе нарушается. Чаще всего из-за боли становится невозможно выполнять некоторые действия: определенным образом двигаться, или наклоняться, или поднимать вещи — вплоть до того, что человек лежит в постели, не может передвигаться и работать. Эта проблема очень распространена, и зачастую именно она вынуждает людей обращаться за лечением.
 Другое последствие болевого расстройства — это эмоциональные нарушения и изменения настроения: у людей, живущих с хронической болью, очень часто развивается депрессия. Пессимизм, чувство безнадежности, нехватка сил, грусть и другие симптомы депрессии крайне распространены при хронической боли. Кроме того, встречаются и тревожность, страх, злость, раздражительность. Это три основных измерения: боль — насколько она интенсивна и как часто вы ее чувствуете; нарушение нормальной жизнедеятельности; психическое расстройство. Сложности в отношениях с коллегами, членами семьи или другими людьми также встречаются нередко, так как боль влияет и на человеческие взаимоотношения. Наконец, у некоторых людей боль влияет на их чувство самоидентичности, их самооценку, их самоощущение: они рассматривают себя не как полноценного человека, а как хронического больного.
 Причины хронической боли
 Хроническую боль лучше всего рассматривать как мультифакториальное заболевание. Сейчас мы получаем все больше свидетельств тому, что есть некоторые генетические компоненты, которые влияют на предрасположенность к хронической боли. Возможно, лучше всего рассматривать хроническую боль как эпигенетическое заболевание, при котором генетическая предрасположенность раскрывается из-за некоторого внешнего воздействия. У большинства людей боль не развивается только из-за соответствующей генетики, но есть эмпирические данные, согласно которым генетическая предрасположенность вместе с внешним воздействием — например, острой травмой или психологическим стрессом — чаще всего ведет к хронической боли. Тем не менее это верно не для всех случаев хронической боли в мире.
 Другая распространенная причина хронической боли — особенности детского развития. Мы знаем, что у людей с трудным детством более вероятно развитие хронической боли во взрослом возрасте. Например, если ребенок прошел через множество болезненных медицинских процедур или пережил множество травм, которые вызывают острую боль, с высокой вероятностью позднее у него разовьется хроническая боль.
 Еще один фактор — склонность переживать из-за боли, тревожиться из-за нее. Распространенная модель, которая находит множество эмпирических подтверждений, такова: первоначальная травма плохо заживает, и это связано с тем, что люди начинают переживать из-за нее, как будто сигнал об опасности от тела остается активирован. Острую боль лучше всего рассматривать как сигнал об опасности, который говорит человеку или животному: «Перестань делать то, что ты делаешь, и отдохни». Некоторые люди, которые боятся боли, продолжают на протяжении долгого времени интерпретировать этот сигнал так, как будто боль опасна, боятся двигаться и тем самым попадают в этот порочный круг: они постоянно думают о боли, подпитывают ее через механизмы центральной нервной системы, и боль сохраняется или реактивируется.
 Социокультурные факторы
 Кроме индивидуальных особенностей важны и социокультурные факторы. В разных обществах и разных странах хроническая боль встречается с разной частотой. По-видимому, это связано с двумя факторами. Первый — это особенности социально-экономических систем в разных обществах: поощряют ли они обращения к врачу с жалобами на боль? Например, в США несколько десятилетий назад ввели выплаты при производственных травмах, и число жалоб на хроническую боль взлетело до небес. Согласно одной из гипотез, это связано с экономической выгодой от обращения к врачу. Также возможно, что хроническая боль возникала у людей всегда, просто им не было смысла о ней говорить: им нужно было возвращаться на работу, потому что никаких компенсаций не было. Но когда ввели статус нетрудоспособности и компенсации, они начали рассказывать о ней. Однако многие исследователи полагают, что на болевые ощущения влияет и то, как общество смотрит на ту или иную болезнь или расстройство. Есть данные о том, что в некоторых странах редко встречается хлыстовая травма, поскольку о ней мало знают, и люди редко обращаются с ней к врачу, тогда как в других странах она распространена. Второй социокультурный фактор связан с тем, поощряют или не поощряют жалобы на боль или другие проблемы в той или иной стране. 
 Таким образом, хроническую боль необходимо рассматривать в связке с социально-экономическими и культурными факторами и индивидуальными особенностями человека: общим уровнем тревожности, чувством беспомощности при боли или стрессе и генетической предрасположенностью. Это ключевые факторы, которые влияют на развитие хронической боли и подпитывают ее.
 Категории хронической боли
 До сих пор психологи и врачи, работающие с болью, рассматривали хроническую боль как монолитную сущность, поскольку было важнее понять, как лечить ее, а не как она появляется. Многие психологи не делали различий между болью от фибромиалгии и болью от ревматоидного артрита. Их лечили одинаково: помогали людям справиться с тревожностью, правильно регулировать поведение и мышление. Однако мы с коллегами полагаем, что лучше разделять разные типы хронической боли, поскольку это влияет на наш подход к патологии и ее лечению. 
 Все виды хронической боли можно разделить на три категории. Первая — нейропатическая боль. Это небольшое число болевых расстройств, при которых повреждена периферическая нервная система. Она наблюдается при боли в седалищном нерве, который проходит от нижней поясничной области до стопы: когда нервный корешок раздражается, человек испытывает странные нейропатические ощущения, отдающие в ногу, — боль и другие. Нейропатическая боль наблюдается и при сахарном диабете, когда нервы разрушаются из-за проблем с уровнем сахара в крови, при постполиомиелитном синдроме или инсульте. Некоторые пациенты страдают от невралгии тройничного нерва — лицевой боли, связанной с нервами, выходящими из ствола головного мозга: у части из них боль напрямую связана с периферическими отделами тройничного нерва.
 Вторую категорию следует рассматривать как ноцицептивную (структурную) боль. В этих случаях заболевание или травма вызывают сигналы о боли, которые транслируются в мозг, а тот, в свою очередь, регистрирует и модулирует боль. Ряд аутоиммунных заболеваний — например, ревматоидный артрит, волчанка, рассеянный склероз — или воспалительные заболевания кишечника вроде болезни Крона или язвенного колита вызывают изменения в тканях организма, в результате чего возникает боль. То же самое происходит и при остеоартрите, когда поражается костная ткань, и при онкологических заболеваниях, онкологической боли, когда опухоль может разрастаться, повреждать ткани и вызывать боль.
 Третья категория боли — это центральная боль (или боль, возникшая в результате центральной сенситизации): в этом случае боль в основном вызвана работой головного и спинного мозга. Есть ряд таких расстройств, которые накладываются друг на друга, — их иногда называют функциональными расстройствами, необъясненными заболеваниями. В их число входит фибромиалгия, которая вызывает боль по всему телу, усталость и проблемы со сном; синдром раздраженного кишечника, тазовая боль, дисфункция височно-нижнечелюстного сустава с болью в челюсти, а также широкий спектр скелетно-мышечных болей в шее или спине. Все эти типы боли связаны не с повреждением периферической нервной системы, а скорее с расстройством центральной нервной системы. Нейронные пути головного мозга, генерирующие болевые ощущения, тесно связаны с нейронными путями, задействованными в генерировании эмоций. 
 При некоторых расстройствах боли сопутствуют эмоциональные нарушения, которые могут быть частью болевого процесса, а могут и вызывать его. Например, проблемы в период развития, которые приводят к возникновению ярости, печали или страха, могут вызвать изменения в нервной системе: подобный эмоциональный опыт изменяет в головном мозге нейронные пути, связанные с болевыми ощущениями. Эти изменения проявляются позднее, уже во взрослом возрасте. У таких людей обычно случается приступ или обострение боли при стрессовых ситуациях: на трудной работе, в проблемном браке, при сложностях в детско-родительских отношениях и так далее. Подобные проблемы — это очень распространенный триггер для подобных эмоций, которые, по-видимому, вызывают и болевые ощущения.
 Именно такую категорию болевых расстройств психологи считают наиболее интересной, поскольку в этом случае мы можем попытаться найти причины болевых ощущений и, возможно, решить эти проблемы. В двух других категориях — при ноцицептивной и нейропатической боли — психологические факторы играют меньшую роль: боль больше связана с самим телом. К таким пациентам нужен несколько другой подход, нежели к пациентам с центральной болью, поэтому при лечении необходимо различать эти типы боли.
 Иногда хорошая медицинская экспертиза помогает выявить нейропатическую боль или заболевания, спровоцировавшие появление ноцицептивной боли. Случаи, относящиеся к категории центральной боли, диагностировать труднее, поскольку нужно иметь хороший социально-психологический профиль пациента и знать его историю жизни. Тем не менее на центральную боль может указывать, например, тот факт, что болевые ощущения пациента не локализованы в конкретном месте и не стабильны, а могут возникать в разных частях тела — боль может обостряться или притухать в зависимости от эмоционального состояния пациента. В анамнезе у них есть и другие болевые расстройства или признаки синдрома центральной сенситизации, что позволяет предположить, что данный феномен связан скорее с головным мозгом, а не локализован на периферии. Мы также пытаемся при диагностике вызвать определенные эмоциональные реакции и смотрим, что произойдет с болью: у некоторых пациентов возникают стрессовые реакции или тревога, и их боль заметно обостряется. В других случаях мы можем предложить пациентам специальные эмоциональные упражнения, которые их расслабляют, и тогда их болевые ощущения значительно снижаются. Это показывает нам, что их боль скорее связана с головным мозгом, нежели с периферической нервной системой.
 Лечение хронической боли
 Большинство психологов, работающих с болью, и других специалистов в данной области полагают, что болевые ощущения являются хроническими и вряд ли пройдут, так что они помогают пациентам принять свое заболевание и вести как можно более полноценную жизнь. В этом нам помогают стратегии когнитивно-поведенческой терапии, а в последнее время также и стратегии принятия и осознанности. 
 Когнитивно-поведенческая терапия, которая используется особенно часто, предлагает рассматривать хроническую боль как постоянное состояние: человек не отвечает за то, что оно возникло, но может управлять им через свое поведение и когнитивную деятельность. Например, если человек с диабетом первого типа будет вводить инсулин, придерживаться определенной диеты, поддерживать себя в форме и меньше волноваться, он может неплохо жить, но, если он не будет правильно обращаться со своим телом, у него будет масса проблем. Многие врачи, работающие с болевыми синдромами, рассматривают управление болью примерно так же: если пациент будет придерживаться определенных правил в поведении и когнитивной деятельности, он сможет лучше управлять болью. 
 Для этой категории боли классическими являются такие техники, как релаксация, успокоение тела и разума, переоценка негативных мыслей или эмоций для снижения уровня тревожности или катастрофизации боли. Кроме того, рекомендуется планировать нагрузку так, чтобы не переутомляться и не спровоцировать новый приступ боли. Пациентам рекомендуется заняться интересной деятельностью, а не просто лежать в депрессии поперек дивана и хандрить: им нужно уметь вовлекать себя в позитивную деятельность. Кроме того, стоит улучшать качество сна. Этот набор техник хорошо изучен, и есть много подтверждений тому, что он работает, хотя эффект от него не очень сильный. Тем не менее есть категория пациентов, которым он помогает хорошо; другие люди перестают чувствовать себя совсем беспомощными и ощущают, что по крайней мере хоть что-то могут сделать со своей болью, а это уже важный шаг на пути к улучшению качества жизни.
 В последние 5–7 лет набрали популярность подходы, связанные с принятием и осознанностью. Они немного отличаются от когнитивно-поведенческой терапии: их задача состоит не в том, чтобы научить пациента контролировать боль или управлять ею, а в том, чтобы просто принять этот опыт и перейти к более важной деятельности. Это несколько расширяет задачи психотерапии: пациенту нужно определить свои ценности и одновременно научиться быть в настоящем моменте телом и разумом, а не переживать из-за того, что может случиться или случилось когда-то давно, и научиться лучше принимать свою боль, эмоции и так далее. 
 Эти подходы сегодня используются во многих областях. Я и некоторые мои коллеги в нашей работе пропагандируем такие подходы к нейропатической и ноцицептивной боли. Но что касается центральной боли, где есть мощная психологическая и эмоциональная составляющая, мы выступаем за подход, который помогает людям справиться с нерешенными эмоциональными проблемами и преодолеть страх перед болью. Мы используем подход, который помогает людям понять, что их боль по сути возникает в мозге, а не в теле. И раз она возникает в мозге, то с ней связан определенный процесс научения, а значит, можно и научиться поворачивать этот процесс вспять.
 Мы много работаем над тем, чтобы помочь таким пациентам принять эту модель и понять, что их боль и мозг можно изменить. Мы помогаем им уменьшить страх перед болью и почувствовать, что они сами управляют своей жизнью и своими эмоциями. Мы также много работаем с эмоциональной сферой, так что, если у пациента есть непроработанные детские воспоминания или травмы, мы стараемся разобраться с ними. Если же напряженные отношения или стресс у них наблюдаются сейчас и пациент чувствует себя беспомощным перед ними или боится их, мы помогаем стать более уверенным в себе, чтобы смело противостоять им и решить эти проблемы. В конечном счете наша цель — сделать так, чтобы он не боялся своей боли и своего тела, а чувствовал себя уверенным, имел возможность жить полной жизнью, преодолел эмоциональные проблемы, травмы тяжелого детства или напряженные, конфликтные отношения с партнером. На этом сосредоточено мое исследование, и мы видим, как такой подход приносит пользу людям с центральной болью.
 Будущие исследования
 Необходимо найти хороший способ подбирать наиболее эффективный тип лечения для каждого конкретного пациента. Пока что по этому поводу нет единого мнения: некоторые лечат всех пациентов одинаково, тогда как другие стараются основывать решения о медицинском вмешательстве (например, нужно ли прописывать препараты и если да, то какие) на том, с какой разновидностью боли они имеют дело. Сейчас мы не очень хорошо понимаем, что поможет конкретному пациенту и какого подхода следует придерживаться, какие препараты выбрать. В США при хронической боли регулярно прописывают опиоиды, и это большая проблема, поскольку у небольшой части пациентов, которые принимают их, развивается зависимость, а некоторые даже подсаживаются на героин. Это небольшой процент пациентов, но мы пока не знаем, кто они, и нам нужно это понять. Примерно у трети или половины пациентов, которым я предлагаю лечение, наблюдается заметное улучшение, и мы пока не знаем, кто они: нам нужно определить физические, генетические, болевые и психологические факторы, которые позволят предсказать, что лучше всего отреагирует на тот или иной подход к лечению.
 Кроме того, есть и еще одна трудность: необходимо выявить механизмы изменений в состоянии пациента. Психологические вмешательства по большей части основаны на комплексном подходе и используют множество техник, направленных на модулирование разных процессов, так что пациент сталкивается со множеством изменений одновременно. Пока неясно, какие конкретно процессы при этом происходят и какие приводят к нужным результатам. Если мы это узнаем, мы сможем повысить эффективность лечения, активируя конкретные механизмы изменений, и убрать неэффективные способы лечения. Выявление механизмов действия разных методов лечения — это ключевой принцип, необходимый для правильной терапии с учетом индивидуальных особенностей болевого расстройства.
 Кроме того, необходимо взяться и за более широкий вопрос, связанный с социально-экономическими проблемами — нетрудоспособностью и возвращением к работе, а также с восстановлением функциональности. Как в США, так и в других странах это горячий вопрос. Какие системы нам нужны, чтобы вернуть людей к нормальной жизни, в то же время предоставляя им экономическую поддержку? К сожалению, эти два фактора часто конфликтуют с наличием статуса инвалидности и с потребностью в экономической безопасности. Нам нужно выработать наилучший способ возвращать людей с хронической болью к нормальной жизни.","биология, психология, болезнь, боль, болезни, естественные науки, журнал","боль, генетика, хроническая боль, тревожность, эмоции, лечение"
"В привычном понимании термин «психосоматика» стали употреблять только в первой половине XX века. Большая заслуга в этом представителей психоаналитической школы. Зигмунд Фрейд и его ученики активно изучали, как комплексы и переживания проявляют себя в сфере телесного. В частности, они говорили о конверсионных расстройствах, связывая физиологические проблемы с невозможностью справиться с эмоциями или проблемами.
 Позже американский врач венгерского происхождения Франц Александер высказал предположение, основанное на наблюдении за пациентами: эмоциональное напряжение постепенно приводит к развитию определенных соматических заболеваний. На основе этой гипотезы были описаны [1] типы личностей, склонные к конкретной соматической патологии. Например, гипертоническая болезнь ассоциировалась со стремлением человека занимать доминирующее положение.
 В работах советских авторов тоже можно найти попытки проследить связь между психикой и физиологией. В частности, Георгий Ланг, опираясь на теорию Ивана Павлова об условных и безусловных рефлексах, отметил, что стресс может усугублять некоторые заболевания. Но в данном случае та же гипертония рассматривалась просто как следствие чрезмерного перенапряжения, приводящего к формированию очагов застойного возбуждения в головном мозге, без привязки к подсознательному.
 К 1960–1970-м годам стало понятно, что на психосоматические расстройства нужно смотреть шире. Появилась теория о мультифакторной природе большинства заболеваний. А исследования психоаналитиков и вовсе подверглись критике: выяснилось, что они не вполне научны. Критики указывали на слишком маленькую выборку пациентов, обилие методологических недостатков, отсутствие групп контроля, субъективизм и так далее.
 Новый этап в понимании психосоматических расстройств связан с именем американского врача Джорджа Энгеля. Именно он сформулировал биопсихосоциальную модель медицины, которая актуальна до сих пор.
 По его мнению, практически любое заболевание развивается в результате суммы факторов, в числе которых есть биологические (наследственность), социальные (в каких условиях живет человек) и психологические (эмоциональное состояние). При этом вклад последних в каждом конкретном случае может сильно отличаться.
 К примеру, есть два человека с гипертонией. У одного фиксируют ранее развитие болезни: в 20 лет резкие скачки артериального давления, тяжелые гипертонические кризы и устойчивость к препаратам. Вне зависимости от внешних факторов в этом случае разовьется тяжелая гипертония, требующая интенсивного лечения. У второго же — дебют заболевания после 50 лет при наличии хронического стресса из-за сложной работы, то есть психологическое состояние здесь играет бо́льшую роль.
 Бывает и совсем по-другому: человек постоянно испытывает стресс и мало отдыхает, но гипертония не возникает. Правда, вместо этого человек использует алкоголь как способ совладания, что приводит его к хроническому алкоголизму. Следствием становится поражение печени или кардиомиопатия.
 Ученые отмечают: чем больше генетическая предрасположенность и агрессивнее факторы окружающей среды, тем меньше влияние психосоматического компонента [2].
 При этом каждый случай заболевания — это индивидуальная история. Современная психосоматика рассматривает три основных сценария:
 · психологическое переживание приводит к развитию объективного соматического заболевания;
 · объективное соматическое заболевание приводит к формированию психических расстройств;
 · психические расстройства приводят к появлению симптомов, которые имитируют соматическое заболевание, но таковым не являются.
 Возможны различные комбинации этих сюжетов. Часто полиэтиологические болезни, такие как астма или экзема, являются следствием целого комплекса факторов.
 Разобраться в проблеме как раз и помогает биопсихосоциальный подход.","психология, кардиология, психотерапия, медицинская диагностика, психосоматика, когнитивные науки, журнал","психосоматика, болезнь, расстройства, гипертония, диагноз, биопсихосоциальный подход, лекарства, терапия"
"Обучение происходит продуктивнее, если подходы подбирают отдельно для каждого ученика. Но система образования вводит одинаковые для всех стандарты, а польза от альтернативных онлайн-курсов все еще не до конца изучена. Как самостоятельно определить свои способности к обучению, развивать их и не потерять с возрастом, исследовательнице ПостНауки Адель Цебенко рассказал психолог Алексей Обухов.
 — Из чего состоит процесс обучения и какие у него есть этапы?
 — Все зависит от ситуации. Раньше под понятие «обучение» понимали получение конкретного набора знаний, умений и навыков. Упор делали на развитие механизмов запоминания, упуская свойство памяти забывать ненужное, невостребованное в практическом действии. Сейчас тренд в образовании смещается к обучению навыкам и умениям применять знания в различных ситуациях. Это совершенно другая стратегия и алгоритм обучения.
 Если мы выстраиваем процесс обучения исходя из конкретных ситуаций, то этапы у него всегда будут разные. Это может быть система обучения по Петру Яковлевичу Гальперину, которая направлена на формирование основных этапов умственных действий от их мотивационной основы и ориентировочной основы действия, через построения действия во внешнем плане и его проговаривания к внутренней речевой регуляции и выхода на внутренний план регуляции действия. 
 Также существует проектно-исследовательское обучение с совершенно иными этапами: замысел — реализация — рефлексия. При таком подходе мы не просто решаем поставленные задачи, а определяем проблему, формулируем вопрос, задаем гипотезу и ищем метод решения этой проблемы. То есть в зависимости от ситуации будет определяться самый эффективный алгоритм.
 Но даже самые продвинутые и эффективные практики образования могут подходить где-то для 80% учащихся, а остальным будет необходим другой подход. Здесь возникает этический вопрос: подстроиться под эти 20% или отправить их к репетиторам.
 Этапы образования начали расписывать в XX веке. Самая известная система — таксономия Бенджамина Блума. Он попытался сформулировать универсальную систему базовых конструкций и основных учебных действий. Она состоит из нескольких уровней: присвоение знания, его понимание, применение, анализ, синтез и оценка. В данном случае считается, что на последнем этапе я сам могу оценить качество своей деятельности.
 — Как когнитивные процессы формируются у детей?
 — Для начала нужно сказать, что деление на возрастные группы и этапы развития очень условно, потому что со временем меняется социальный контекст развития. 
 Возьмем классическую теорию развития мышления. Маленький ребенок изначально существует в наглядно-действенном типе мышления, в котором все строится на практике, во внешнем действии. Например, он тянет руку из манежа и не может просунуть игрушку. Ребенок достает ее манипулятивным путем, изменив ее направление.
 На следующем этапе это действие повторяется много раз до закрепления. Ребенок работает с разными предметами и решает различные задачи. Затем идет наглядно-образное мышление. У ребенка появляется образ его же действия в мыслях. Он смотрит на ситуацию и перебирает в голове варианты действий и способы решения задачи. При этом появление наглядно-образного мышления не отрицает наглядно-действенное. В определенных типах ситуаций, особенно стрессовых, наша психика возвращается к более ранним формам.
 В это же время ребенок осваивает функцию мышления, связанную с освоением речи. В какой-то момент речь становится инструментов организации собственной деятельности. Это переход от наглядно-образного мышления к словесно-логическому. Осваивая речь, мы осваиваем не только набор понятий и слов, но и языковую логику. Например, на ранних этапах ребенок может проговаривать собственные действия. Взрослые также в сложных ситуациях начинают говорить про себя или даже вслух. Еще здесь интересно, что разные языки — это различные семантические системы, которые по-разному выстраивают логику.
 В старшем дошкольном и младшем школьном возрасте многие дети обладают эйдетической памятью. Они запоминают все цельными картинками со всеми деталями. Но при этом они не смогут рассказать о связях между предметами, которые они запомнили.
 — Как когнитивные процессы изменяются у взрослых?
 — С возрастом способность запоминать все визуально утрачивается, зато память становится более опосредованной смыслами. Мы выстраиваем сложные системы отношений, иерархии и классификации. Эти мыслительные способности дают нам более сложную память: мы можем ее сворачивать и разворачивать, работать с ранее изученными предметами.
 При этом взрослая память уже не так чувствительна к воздействиям для развития, хотя этот навык тренируется. У современного человека не так много поводов что-то запоминать. Во-первых, не понятно, как долго информация будет актуальной. Во-вторых, слишком большой объем знаний просто невозможно запомнить. Взрослого ничему невозможно научить, но при этом он почти всему может научиться.
 В целом сложно определить границы взрослого психического функционирования. Уже к 15-16-ти годам многие когнитивные возможности сформированы в полной мере. Они еще могут не быть навыками, но с точки зрения функциональной возможности, по норме развития это считают взрослой психикой.
 Взрослость очень продолжительна и имеет динамику. Возрастные периоды выделяют как психологические эпохи жизни, которые сменяются через кризисы развития. В такие моменты происходит качественное преобразование, а не просто количественное приращение. Чем младше человек, тем чаще происходят кризисы. В условно взрослом возрасте изменения связаны с видом деятельности, в которую человек погружен и его социальным окружением.
 — Правда, что в детском возрасте когнитивные способности намного мощнее, чем в зрелом? Ведь в детстве мы в довольно короткий промежуток времени осваиваем очень много вещей, а потом этот темп снижается.
 — Все намного сложнее. Для маленького ребенка все в новинку, поэтому и темп усвоения новых знаний выше. Но этот темп неравномерен. Развитие — это нелинейный процесс. В разные жизненные периоды на передний план выходят разные психические функции, которые работают то по отдельности, то вместе.
 В детстве мы в большей степени осваиваем разнообразные способы изучения чего-либо. К 18-ти годам, а то и раньше, у нас сформирован индивидуальный когнитивный стиль — способ восприятия, переработки и использования информации. Далее в зависимости от наших особенностей мы лучше или хуже увеличиваем объем выученных знаний. Кто-то выходит на творческий уровень и работает не с заданным набором данных, а создает новый продукт. А кто-то продолжает взаимодействовать с заданной ему информацией.
 Также когнитивные способности взрослого зависят от того, как в его детстве поддержали воображение. Воображение — это комбинирование предшествующего опыта для решения новой задачи. В нем задействованы память и мышление одновременно. Этот процесс ярко проявляется в дошкольном возрасте и важно его в этот момент поддержать. Но к сожалению, школа очень легко подавляет способности, связанные с воображением.
 — Что, кроме когнитивного стиля, определяет нашу способность к обучению?
 — Очень важно качество образования и то, с кем ты будешь учиться. Также важна мотивация, которая становится все значимее с возрастом. У младшего школьника обычно широкие познавательные и социальные мотивы. Ему хочется соответствовать ожиданиям взрослых, и ему все еще не обрубили любопытство ко многим вещам.
 Если ребенку не мешать, то он много чему научится. Но ему чаще всего мешают, и затем он переходит в среднюю школу и теряет интерес ко многим темам. Учителя начинают жаловаться, что подросткам ничего не интересно. Хотя на самом деле их самих не интересует то, что они преподают. У увлеченного учителя почти все дети увлечены предметом.
 Оттого, с кем вы обучаетесь, зависит эффект социального заражения. Конечно, для всех это работает по-разному, но если я учусь в той среде, где обучение поощряется, я учусь значительно лучше. Я заражаюсь этим, это становится и моей мотивацией.
 Кроме того, способность к обучаемости зависит от саморегуляции и самоорганизации, а также от собственной воли. Саморегуляции и самоорганизации можно научиться. Нужно понять, как организовать день в зависимости от того, когда я лучше концентрируюсь, и выявить предметы, которые мешают работать.
 Важны как когнитивные способности, которыми обладает человек, так и понимание организации собственного мышления. Знание своих особенностей восприятия и памяти помогает обрести инструменты управления ими.
 — Как развивать и поддерживать мотивацию?
 — Существует много теорий мотивации, которые по-разному ее описывают. В российской психологии мотив — это опредмеченная потребность. Он, в свою очередь, сдвигается на цель и запускает деятельность. Но тут часто идет подмена понятий внешне заданной стимуляции и собственного желания. Например, ребенок сначала сам хочет узнать что-то новое, а потом он попадает в ситуацию, где за определенные действия предлагают вознаграждение. И он быстро привыкает к таким внешним подкреплениям.
 Внешний мотив может быть как желанием достичь чего-либо, так и стремлением избежать неудачу. То есть я либо действую, потому что хочу быть первым, либо чтобы меня не ругали. Такая система эффективна как тактика, но проигрышна как стратегия.
 На мотивацию влияет наличие выбора, у кого и чему учиться. Человеку нужно осознавать себя автором собственного решения, чтобы делать то, что ему интересно. Так появилась теория персонализированного обучения, при котором человек сам выбирает курсы и преподавателей.
 Кроме того, важно закрывать потребность чувствовать себя компетентным в своей деятельности. Для этого нужна обратная связь как от самого себя, так и от других и для других. Оценка работы должна показывать твой прогресс, а не сравнение с кем-то еще. Так увлеченность будет подтверждаться и укрепляться.
 Еще один важный аспект — это наличие устойчивых эмоциональных связей. В команде обучение происходит эффективнее, поэтому сейчас так популярно корпоративное обучение. Еще лучше если в обучение встроено развитие самого коллектива. В этот момент происходит повышение значимости эмоциональных связей в важной для вас группе.
 — А как поддерживать когнитивные способности?
 — Когнитивные способности зависят от сложности нейронных связей в мозгу, которые активно формируются в детский и подростковый периоды. В будущем они все так же будут существовать вне зависимости от интенсивности их использования. Однако многие когнитивные функции действительно угасают в зрелости и старости.
 С возрастом у нас растет количество информации, но при этом не увеличиваются способы ее обработки. Также снижается пластичность мозга и психики. В этом плане очень хорошая практика запускать программы образования для пожилых людей, чтобы эти функции не затухали. При этом эффективнее будет не заучивать что-то, а решать задачи, чтобы использовать знания и опыт на практике.
 Пик скорости деятельности этих когнитивных функций приходится примерно на 18 лет. Но скорость не означает эффективность, для которой необходим опыт. С возрастом мы формируем некие стереотипы и паттерны в поведении и мышлении, которые облегчают жизнь и могут компенсировать память. Но очень легко попасть в них как в ловушку и стать ригидными в изменчивых ситуациях.
 — Что помогает для развития саморегуляции и что включает в себя это понятие?
 — Значение понятия заложено в самом слове. Это то, как я регулирую свою деятельность и насколько могу управлять собственными познавательными процессами. Процесс становления саморегуляции во многом связан с воспитанием. Например, первокласснику сложно распределить свое время и ресурсы так, чтобы успеть и поиграть с друзьями, и сделать домашнее задание. Ему нужна помощь взрослого. Лучше всего будет не контролировать ребенка во всем, а искать вместе с ним эффективный способ планирования дня. Ребенок будет учиться саморегулированию и затем можно будет постепенно снижать уровень контроля и количество напоминаний о чем-то.
 Саморегуляции можно научиться, но делать это проще при наличии мотива. Но тут не поможет универсальный шаблон. Для начала нужно определить, что снижает ваш уровень саморегуляции, а потом уже работать с этой проблемой. Так вы найдете собственный способ самоконтроля. То, что работает для одного, не обязательно сработает для другого.
 — Как понять, какой способ обучения мне подходит?
 — Взрослому человеку сделать это довольно просто. Мы достаточно хорошо знаем, через какие способы мы лучше воспринимаем информацию. Обычно это отражается даже в речи — мы чаще используем понятия, связанные со зрительными, слуховыми или тактильными образами. Если это отрефлексировать, можно будет отрегулировать, какой способ принятия информации стоит задействовать больше. Для рефлексии и понимания собственного мышления важно положение мыслей вовне — можно расписать собственные мысли и удобные способы восприятия информации в схему, структуру или любым другим способом.
 При обучении лучше всего задействовать максимальное количество каналов восприятия и сделать этот процесс эмоциональным. Тогда информация наверняка отложится и даже подкрепит мотивацию.
 Если говорить о способах обучения: на курсах или самостоятельно. То лучше сформулировать цель и экспериментировать. Так вы поймете, как у вас лучше получается усваивать знания. При этом важно разбить процесс достижения цели на много маленьких этапов. Так у вас сформируется дальняя цель, которую вы будете удерживать, и конкретные задачи, которые можно выполнять по-разному. Эта стратегия снижает риски потерять мотивацию.","психология, мотивация, обучение, обучение с учителем, социальные науки, журнал","обучение, мотивация, навыки, умения, мышление, дети, взрослые, когнитивные способности"
"Мирный атом — это одна из основных надежд человечества на победу в борьбе с экологическими проблемами. Именно поэтому сегодня активно ведутся исследования того, как эффективно использовать запасы радиоактивных веществ. ПостНаука вместе с физиком Владимиром Трояновым разбирается, какие виды ядерного топлива сегодня существуют, каковы их преимущества и недостатки и что ждет ядерную энергетику в ближайшем будущем.
 Это материал из гида «Ядерное топливо будущего», который мы делаем вместе с Топливной компанией «ТВЭЛ».
 Покоряя атом: принципы действия атомного реактора
 Ядерная энергетика — отрасль, благодаря которой производится 10 процентов всей электроэнергии на Земле. В ее основе лежит крайне энергоэффективный физический процесс выделения тепла — деление атомных ядер. Для сравнения: в ядерном реакторе большой мощности, по типу распространенного в России ВВЭР-1000, за год выгорает приблизительно тонна топлива, в то время как тепловые электростанции, работающие на угле- и нефтепродуктах, за аналогичный период времени потребляют 2 миллиона тонн ресурсов. 
 Однако ядерная энергетика сталкивается со сложностью иного характера: сырье для нее нельзя использовать без подготовки. Радиоактивное вещество должно быть изолировано от внешней среды, для чего его упаковывают в тепловыделяющие элементы, или твэлы — трубки, сделанные из циркониевого или другого металлического сплава. Они выступают в роли барьера между веществом и теплоносителем — средой, уносящей энергию от деления радиоактивных ядер. Несколько сотен таких трубок объединяются в пучки, называемые тепловыделяющими сборками (ТВС). Именно ТВС считаются основными единицами ядерного топлива. Таким образом, ядерное топливо — это сборочная единица активной зоны ядерного реактора, которая содержит в себе ядерные материалы и способна отдавать тепло от реакции деления для ее полезного использования.
 Энергия распада ядер не сразу превращается в электричество. Сначала тепло от заполненного топливом ядерного реактора нагревает обтекающий его теплоноситель — воду, газ или жидкий металл. Затем теплоноситель передает полученное тепло либо непосредственно на турбину реактора, либо — теплоносителю во втором контуре реактора, чтобы на турбину воздействовал уже он. Турбина же, в свою очередь, передает вращение на ротор электрогенератора, выработанная им энергия поступает через трансформаторы в сеть. Таким образом, тепловая энергия от распада ядер в топливе превращается в механическую, а механическая — в электрическую.
 Ядерное топливо — это сердце атомной энергетики, ведь его характеристик зависит эффективность выработки энергии. Именно поэтому так важно проводить исследования, направленные на повышение экономической и энергетической эффективности топлива. 
 Непревзойденная классика: урановое топливо
 Подавляющее большинство современных атомных реакторов работают на урановом топливе. Уран (точнее, оксид урана UO2) был открыт в 1789 году немецким химиком Клапротом [1], а в 1938 году Отто Ган и Фриц Штрассман обнаружили деление ядра в ходе экспериментов с ураном. Уже в 1942 году был запущен первый экспериментальный ядерный реактор на урановом топливе в Чикагском университете— Чикагская поленница [2], а в 1954 году заработала первая в мире АЭС в Обнинске.
 Для работы ядерного реактора необходимо, чтобы в топливе поддерживалось стабильное и контролируемое деление ядер. Свойство деления ядер, используемое в энергетике, наблюдается у изотопа уран-235. Под воздействием внешнего потока нейтронов в его ядре возникает избыток соотношения нуклидов, из-за которого и происходит деление. Ядро при делении, однако, не просто раскалывается на две части: вместе с этим из него выделяется в среднем 2–3 нейтрона, которые поглощаются соседними ядрами и заставляют делится уже их. Соответственно, для любого реактора рассчитана определенная скорость деления, при которой реакция не прекращается, но в то же время не приобретает лавинообразный характер. 
 Проблема, однако, состоит в том, что доля урана-235 во всей массе добываемого природного урана составляет около 0,7%. Более же 99% от массы всего природного урана — это уран-238. Этот изотоп — стабильный, период его полураспада составляет 4,5 миллиарда лет. Однако его также можно приспособить для получения энергии. При поглощении ядром урана-238 нейтрона, образовавшегося при делении урана-235, в определенных условиях происходит его превращение в изотоп плутония, который, в свою очередь является делящимся, также как и изотоп урана-235. В разных конструкциях ядерных реакторов количество нарабатываемого плутония может быть различным. Что интересно, специально разработанная конструкция так называемых быстрых реакторов позволяет нарабатывать плутония больше, чем сгорело урана-235 или того же плутония, создавая условие расширенного воспроизводства, то есть получения делящихся изотопов в количестве больше, чем их было использовано при поддержании цепной реакции.
 В начале истории создания ядерных реакторов их разработчики шли по пути использования природного урана для поддержания цепной реакции. Не имея технологий изотопного обогащения природного урана, в качестве замедлителя нейтронов и теплоносителя использовали тяжелую воду, гораздо меньше поглощающую нейтроны. Эта конструкция до сих пор применяется в некоторых странах: так, реакторы CANDU [3] на тяжелой воде распространены в Канаде и тиражированы в некоторые другие страны.
 Такая конструкция, однако, показала себя слишком сложной и дорогой, поэтому во второй половине XX века были использованы разработанные в рамках программ создания ядерного оружия технологии обогащения урана, то есть увеличения доли урана-235 в топливе. Наиболее экономически эффективный способ обогащения — центрифужное обогащение. Уран соединяется с фтором, и получающийся в ходе соединения фторид урана (VI) легко переходит в газообразное состояние. Затем этот газ раскручивается на центрифугах до скорости 1500 оборотов в секунду, в результате чего более легкий уран-235 оседает в центре, а «лишний» уран-238 выводится из емкостей. Процесс повторяется до тех пор, пока не будет достигнута нужная концентрация. Как правило, оптимальным уровнем обогащения стандартного топлива для реакторов считается 5% урана-235. Продолжительность топливной кампании одного комплекта ТВС с 5-процентным топливом на реакторе мощностью 1000–1650 МВт составляет от 4 до 5 лет.
 Безусловно, уран можно обогатить еще сильнее, и в некоторых конструкция ядерных реакторов это необходимо. Однако с точки зрения денежных затрат на процедуру обогащения это приводит к дополнительным экономическим издержкам.
 В первых ядерных энергетических реакторах в качестве топлива использовался металлический уран, однако со временем в сфере гражданской энергетики его вытеснил диоксид урана UO2. Во-первых, температура плавления металлического урана составляет 660˚C, в то время как у диоксида — 2700˚C. Это накладывает очень серьезные ограничения на эффективность термодинамического цикла: при более высоких температуре топливо отдает больше тепла, из которого в дальнейшем удастся произвести больше электроэнергии. Во-вторых, диоксид урана химически инертен, из-за чего гораздо меньше воздействует на конструкционные материалы.
 Дорогая безопасность: толерантное топливо
 Развитие атомной энергетики и ее вызовы поставили перед специалистами задачу по обеспечению ее полной безопасности. Авария на Чернобыльской АЭС произошла из-за потери управления реактором в результате действия человеческого фактора. Во время аварии на станции Фукусима случился другой тип нарушения работы реактора — потери охлаждения. Из-за Великого восточно-японского землетрясения реакторы остановились, однако остаточное энерговыделение в топливе продолжилось. Цунами разрушило все системы аварийного охлаждения реактора, из-за чего произошло расплавление топлива и взрыв выделившегося водорода.
 Дело в том, что циркониевый сплав в составе оболочек тепловыделяющих сборок, который сам по себе не взаимодействует с нейтронами, вступает в реакцию с водяным паром при повышенных температурах, и чем она выше, тем сильнее реакция и больше водорода выделяется из-за окисления оболочек. Это создает опасность взрыва, требующую принятия защитных мер. 
 Именно поэтому во многих странах было принято решение о начале разработок толерантного топлива, в конструкции которого был бы учтен этот риск, чтобы полностью исключить саму возможность возникновения подобного рода ситуаций.
 Один возможный заменитель циркония в качестве оболочек для ТВС — это керамический SiC–SiC композит, в котором основным материалом будет служить карбид кремния. Именно такие оболочки в США хотят опробовать в реакторах LWR, где теплоносителем выступает легкая вода. Другое направление — создание оболочек из различных металлических сплавов, однако они, как правило, обладают недостаточной коррозионной и радиационной стойкостью.
 В России исследования идут в другом направлении. Отечественное толерантное топливо, разрабатываемое Топливной компанией «Росатома» ТВЭЛ, отличается от классического не только альтернативными конструкционными материалами оболочки, но и другой топливной матрицей. Топливные таблетки были изготовлены из традиционного диоксида урана, а также уран-молибденового сплава с повышенной плотностью и теплопроводностью. В качестве материалов оболочек твэлов использованы циркониевый сплав с хромовым покрытием, а также хром-никелевый сплав.
 Это топливо уже проходит первые испытания. В исследовательском реакторе МИР в АО «ГНЦ НИИАР» завершились два цикла облучения тепловыделяющих сборок с экспериментальными твэлами для реакторов ВВЭР и PWR. Во время испытаний были проверены все 4 возможных типа топлива: диоксид урана + циркониево-хромовая оболочка, уран-молибден + циркониево-хромовая оболочка, диоксид урана + хром-никелевый сплав и уран-молибден + хром-никелевый сплав. После двух циклов облучения в реакторе «МИР» все твэлы герметичны. На энергоблоке № 2 Ростовской АЭС (филиал Концерна «Росэнергоатом») началась опытно-промышленная эксплуатация тепловыделяющих элементов этого топлива, что стало важным шагом для дальнейшей коммерциализации этого продукта. Символично, что эта знаковая веха стратегически важного проекта достигнута в дни, когда АО «ТВЭЛ» празднует свой юбилей — 25-летие со дня основания компании.
 Кроме того, во ВНИИНМ им. академика А. А. Бочвара ведется разработка таблеток толерантного топлива из дисилицида урана [4] (соединение урана и кремния — U3Si2). Это вещество очень энергоэффективно и обладает рядом достоинств с точки зрения безопасности. Во-первых, дисцилид урана очень плотный и ураноемкий, и благодаря нему появится возможность перейти к более длинным топливным циклам без увеличения обогащения по урану-235. Во-вторых — такое топливо отличается высокой теплопроводностью и низкой теплоемкостью, что означает меньше запасенного тепла в активной зоне реактора и более низкую температуру оболочек твэлов. В-третьих — пониженная рабочая температура может привести к улучшению эксплуатационных характеристик топлива.
 Борьба с отходами: MOX- и REMIX-топливо
 Уран-238 сам по себе делится очень слабо. Тем не менее, его ядра активно поглощают нейтроны, образующиеся во время деления урана-235 или плутония. В результате этого в твэлах постоянно идет процесс по образованию трансурановых тяжелых элементов: америция, кюрия, нептуния. Но самое главное — в процессе такого синтеза образуется большое количество плутония-239, доля которого среди всех образующихся элементов составляет около 60%. Его ключевая особенность — это высокая способность к делению, близкая к урану-235. Фактически, урановое топливо в достаточно высокой степени является еще и плутониевым, поскольку образующийся при поглощении нейтронов плутоний-239 играет активную роль в выделении энергии.
 При этом ядерное топливо никогда не сгорает до конца в ходе эксплуатации. В отработанном топливе после окончания срока его эксплуатации остается пригодный для производства энергии плутоний-239. Более того: уран-235 в процессе эксплуатации не догорает полностью, и даже в отработавшем топливе его может содержаться более 1%, что превышает долю в природном уране.
 Все это создает стимулы для того, чтобы использовать эти источники энергии повторно. В некоторых странах, например Франции и России, в ядерной энергетике используется частично замкнутый топливный цикл, при котором уже отработанное топлива перерабатывают, а не утилизируют. В результате такой переработки может быть восстановлено до 95 процентов урана и плутония. Стандартным методом переработки считается метод водной экстракции PUREX. В дальнейшем плутоний и уран используются для производства нового уран-плутониевого топлива, получившего название MOX-топливо (Mixed-Oxide fuel).
 Под эту категорию попадает широкий набор конкретных типов топлива, представляющего собой смесь оксидов UO2 и PuO2. Концентрация урана и плутония может очень сильно отличаться в зависимости от целей использования. Около 60% плутония, полученного из выгоревшего уранового топлива — это плутоний-239, и именно он как правило играет роль основного источника энергии. Энергоэффективность такого плутония несколько ниже, чем у урана-235, однако если довести его концентрацию до уровня 7 или 8%, то можно получить ТВС, по мощности не уступающую классическому урановому топливу. 
 Важно также то, что MOX-топливо можно использовать в классических реакторах типа ВВЭР и PWR, хотя и не на всех модификациях. Дело в том, что плутоний отличается по своим ядерно-физическим свойствам от урана-235, и в частности поэтому уран-плутониевое топливо более радиоактивно, нежели простое урановое.Из-за этого реакторы с MOX-топливом требуют модификации в системе управления, в частности — увеличенное количество управляющих стержней в активной зоне реактора.
 Приблизительно по такой же технологии и для тех же целей производится и другой тип ядерного топлива — REMIX-топливо. Оно также состоит из ураново-плутониевой смести, делящиеся изотопы которой преимущественно получены из переработанного материала. Однако состав смести другой: плутоний используется в REMIX-топливе в меньшем количестве, но в смеси с недогоревшим ураном-235 и некоторым количеством свежего обогащенного урана. Итоговый состав топлива выглядит примерно следующим образом: 1% плутония-239, 4% урана-235, и остальное вещество — преимущественно простой уран-238. REMIX-топливо проще в использовании, поэтому применимо на многих уже существующих реакторах класса ВВЭР и PWR. 
 REMIX-топливо активно разрабатывается в России Топливной компанией ТВЭЛ. С 2016 года твэлы с REMIX-топливом используются на энергоблоке № 3 Балаковской АЭС. В 2020 году стартовал третий 18-месячный цикл его облучения. Предыдущее использование показало высокую надежность и эффективность топлива, поэтому постепенно будут открываться новые центры его производства. Одним из них стал Сибирский химический комбинат, где в 2021 году введено в эксплуатацию оборудование по изготовлению REMIX-топлива. В дальнейшем планируется распространение этого топлива на все большее число ядерных электростанций, а также его экспорт на международные рынки. REMIX-топливо производится в кооперации с Горно-химическим комбинатом.
 Однако между MOX- и REMIX-топливом есть одно очень важное различие: использование плутония в первом типе топлива открывает перспективы применения в реакторах ВВЭР плутония, полученного в реакторах на быстрых нейтронах.
 Вечный двигатель: топливо для реакторов на быстрых нейтронах
 В большинстве ядерных реакторов для эксплуатации топлива необходимы замедлители — вещества, задача которых уменьшить энергию нейтронов для поддержания необходимой скорости деления ядер. В качестве замедлителя могут выступать графит (реакторы РБМК), вода (ВВЭР) и другие вещества. Однако существуют и реакторы без замедлителя, называемые реакторами на быстрых нейтронах. Их ключевое преимущество заключается в том, что они позволяют гораздо более активно трансмутировать недостаточно задействованный в классических реакторах с замедлителем уран-238 в плутоний.
 Эта особенность натолкнула исследователей на идею: насколько эффективным будет использование MOX-топлива для реактора на быстрых нейтронах? Оказалось, что у такого подхода могут быть невероятно большие перспективы. С одной стороны, плутоний-239 сам по себе выделяет на 25% больше нейтронов, чем уран-235. С другой — реакторы на быстрых нейтронах обеспечивают гораздо большее вовлечение урана-238 в процесс получения атомной энергии. Вместе эти факторы приводят к тому, что если в быстрый реактор заложить требуемое количество делящихся изотопов, то в конце каждой топливной кампании сумма делящихся материалов будет больше, чем было до ее начала. Загрузив в активную зону реактора 500 кг плутония, через цикл его работы нам будет доступно 600 кг плутония — на 20 процентов больше, чем было изначально! Поэтому реакторы БН называют «бридерами» — размножителями.
 Для того, чтобы такое стало возможным, используемое уран-плутониевое топливо должно содержать необходимое для поддержания цепной реакции количество делящихся изотопов и большое количество воспроизводящего материала — урана-238. Характерное количество того и другого, соответственно, 20% и 80%. При облучении этого топлива уран-238 постепенно расходуется и его необходимо дополнять, то есть периодически производить переработку облученного топлива, удалять осколки деления и вместо них привносить уран-238. То есть наш «вечный двигатель» на самом деле не вечный, его необходимо подкармливать ураном-238. При этом срок периодической переработки топлива оказывается не столь уж и большим: предельную длительность эксплуатации топлива определяет даже не выгорание плутония или уменьшение количества урана-238, а радиационная стойкость конструкционных материалов, из которых изготавливается ядерное топливо. Время эксплуатации ядерного топлива до переработки по этой причине составляет приблизительно 5 лет.
 В условиях реакторного воспроизводства делящихся материалов оказывается, что можно соблюсти топливный баланс, когда рождается столько же делящихся материалов, сколько и выгорает. Этот означает, что в течение топливной кампании не требуется создавать начального избыточного содержания делящихся материалов, а также что в течение времени этот баланс не сильно меняется. Указанное свойство быстрых реакторов приближает их к совершенно другому уровню безопасности, при котором неуправляемый разгон реактора практически исключается.
 Для достижения самовоспроизводства топлива в активной зоне весьма желательно повысить ядерную плотность топливной композиции, увеличив ее по сравнению с МОХ на 10-15%. Для этой цели применяется металлическое топливо, например сплав уран-плутоний-цирконий, или нитридное (U-Pu)N, которое получило название СНУП — смешанное нитридное уран-плутониевое топливо. Главное его преимущество перед оксидным MOX-топливо — это повышенная плотность: она позволяет вместить больше способных к делению изотопов на единицу объема, что делает его как более компактным, так и более энергоемким. Главное препятствие на пути к его использованию — его недостаточная отработанность в промышленном производстве. Однако ядерная энергетика постоянно развивается, и инновации постепенно находят применение на практике. В России одним из передовых проектов является «Прорыв», в рамках которого планируется запустить реактор на быстрый нейтронах БРЕСТ-ОД-300 к 2026 году [5]. Он будет работать на нитридном топливе, что повысит его энергоемкость в сравнении с классическим, оксидным топливо. В качестве теплоносителя в оборудованном БРЕСТ-ОД-300 комплексе будет использоваться свинец, не вступающий в химические реакции с водой и воздухом, и потому безопасный.
 Будущее ядерного топлива и атомной энергетики 
 Как было продемонстрировано выше, физикам будет чем заняться в области ядерной энергетики в ближайшие годы. Тем не менее, перспективы не исчерпываются перечисленными выше. 
 Во-первых, уже сейчас существуют многочисленных технологии, которые проходят тестирование в исследовательских реакторах. Комбинации различных делящихся изотопов и сопровождающих элементов постоянно множатся, и какие-то из них однажды могут найти свое коммерческое применение.
 Во-вторых, уже сейчас существуют разработки ядерного топлива, нашедшие свое применение в узких сферах, но пока еще не добравшиеся до коммерческого производства электроэнергии. К примеру, на современных атомных ледоколах часто используется ядерное топливо дисперсионного типа, в котором микрочастицы делящегося материала распределены по металлической матрице. Оно позволяет более гибко управлять мощностью реактора и обладает высокой радиационной устойчивостью. 
 Наконец, в ядерной энергетике уже долгие годы существует очень перспективная область, которой мало кто занимается в силу сделанного в прошлом исторического выбора. Речь идет об использовании уран-ториевого топлива. Дело в том, что ториевые запасы на Земле в 4 раза превышают урановые, однако он практически не используется исключительно в силу освоенности уран-плутониевого топлива. В перспективе, однако, все может измениться. В процессе деления и захватов нейтронов в ториевом топливе образуется изотоп уран-233, который обладает некоторыми выигрышными свойствами, позволяющими создавать более компактные системы. Но это — далёкое будущее ядерной энергетики, практическое применение уран-ториевого цикла может начаться через сотни лет. Оптимизм заключается в том, что человечество и через тысячу лет будет обеспечено сырьевыми запасами для получения и использования ядерной энергии.Как бы то ни было, атомная энергетика не будет стоять на месте, поскольку вопросы экологии все острее встают по всей планете. И при этом достойных альтернатив ядерной энергетике нет. Так, водородное топливо, экологичное само по себе, на данном этапе требует в своем производстве прибегать к совсем неэкологичным сжиганию метана или угля для получения электроэнергии, необходимой, например, для электролиза. Другие же альтернативные источники энергии, солнечные батареи или ветроэнергетика, не являются надежными или достаточно производительными, чтобы взять на себя весь груз производства необходимой человечеству энергии. Именно поэтому равнозначной альтернативой ядерной энергетики в контексте безопасного для природы топлива до сих пор не существует.","атом, топливо, ядерная физика, топливные элементы, уран, журнал","атом, ядерная энергетика, ядерное топливо, уран, толерантное топливо, отходы, нейтроны"
"В последние годы интерес к правильному питанию растет быстрыми темпами: по данным сервиса Яндекс.Вордстат, за два года «КБЖУ» стали искать в 2,5 раза чаще (количество запросов выросло с 80 тысяч до 170 тысяч в месяц). Мы попросили врача-диетолога Елену Григорьеву кратко объяснить, что скрывается за каждой буквой этой аббревиатуры, а заодно рассказать о малоизвестных свойствах пищи.
 Проект «Наука здоровой жизни» — это онлайн-путеводитель по медицине, питанию и спорту, в котором мы делимся достоверной и актуальной информацией о здоровом образе жизни. Проект создан с использованием гранта Президента Российской Федерации, предоставленного Фондом президентских грантов.
 Зачем мы едим?
 Нутриенты (от лат. nutrio — «питать») — это необходимые для нормальной жизнедеятельности компоненты пищи, которые не производятся организмом или производятся в малых объемах, поэтому должны регулярно поступать извне. Они делятся на микро- и макронутриенты.
 Микронутриенты — пищевые вещества, содержащиеся в еде и нужные организму в малых объемах. К ним относятся витамины и некоторые минеральные вещества (железо, медь, цинк, йод). Рекомендованные суточные дозы микронутриентов измеряются в миллиграммах или микрограммах. 
 Макронутриенты — компоненты, необходимые человеку в гораздо больших количествах, измеряются граммами. Как правило, к ним относят белки, жиры и углеводы, которые обеспечивают энергетические потребности организма, отвечают за его рост и развитие. Самые сытные макронутриенты — это белки и жиры, а вот углеводные продукты даже в больших количествах насыщают ненадолго, поскольку они быстро всасываются и так же быстро утилизируются организмом. Калий, кальций, магний и другие элементы тоже относят к макронутриентам, так как организму они нужны в относительно больших количествах.
 Миф о суперпище
 Суперфуды (от англ. superfood) — продукты, которые якобы обладают особыми полезными свойствами благодаря большой концентрации питательных веществ. К ним относят, например, ягоды годжи, водоросли спирулина и какао-бобы. Термин не является ни научным, ни медицинским.
 К — калории
 Изначально термин «калории» (от лат. calor — «тепло») появился в физике: в 1824 году его ввел в научный оборот [1] французский ученый Николя Клеман-Дезорм. Под ним подразумевали количество тепла, которое необходимо потратить, чтобы нагреть 1 грамм воды на 1 °C. Измерять энергоемкость пищи в калориях стали в конце XIX века. Здесь пионером выступил американский агрохимик Уилбур Этуотер, который придумал первые схемы подсчета калорийности продуктов питания. С тех пор энергетические потребности организма и энергоемкость пищи принято выражать в калориях, а под калорическим коэффициентом понимают количество тепла, освобождаемое при сгорании 1 грамма питательного вещества. 
 У любого продукта есть собственный калорический коэффициент, который позволяет перевести граммы употребляемой пищи в килокалории. Он зависит от содержания макронутриентов в конкретном продукте и показывает количество энергии, выделяемой в организме при их окислении. Например, жиры — самые теплоемкие, их калорический коэффициент составляет 9. Это значит, что, съедая 100 граммов жира, человек получает 900 килокалорий энергии. У белков и углеводов коэффициент почти вдвое ниже (4), то есть на 100 граммов белка или углеводов приходится в среднем 400 килокалорий. А минимальное количество энергии, необходимое организму для нормальной жизнедеятельности в состоянии полного покоя, принято называть основным обменом. Он зависит от веса, роста, пола и массы тела.
 Про похудение во сне
 Во сне энерготраты человека минимальны — в среднем 50 ккал в час, в то время как при активной ходьбе — около 300 ккал в час. Следовательно, за 8 часов сна мы сжигаем около 400 ккал, то есть в лучшем случае 70 граммов жира. Но даже эти 70 граммов могут остаться с нами, если мы калорийно поедим на ночь: организм будет получать энергию из пищи в желудочно-кишечном тракте, а не из собственных запасов.
 Избыток потребляемых с пищей калорий приводит к набору лишнего веса, а недостаток — к его потере. Для того чтобы держать себя в форме, можно вести подсчет калорий. Одним из первых в Советском Союзе их предложил считать Игорь Скурихин, издавший в 1979 году «Таблицы химического состава и калорийности продуктов питания» [2]. Большинства перечисленных там продуктов сейчас уже нет на рынке, но базовые элементы питания, такие как крупы, молочные и мясные продукты, представлены широко, поэтому при желании справочником можно пользоваться и сегодня. К тому же существует целый ряд приложений для телефона, таких как FatSecret [3], MyFitnessPal [4], Yazio [5] или Таблица калорийности [6]. 
 Не все калории, полученные с пищей, одинаковые; в первую очередь они отличаются по макронутриентному составу. Классические рекомендации врачей следующие: рацион должен на 10–15% состоять из белковых калорий, на 30% — из жиров, а оставшиеся 55–60% должны обеспечивать калории углеводов. Калорийность также можно рассчитывать по весу человека. В таком случае пропорции немного другие: соотношение белков, жиров и углеводов должно составлять 1/¼ в сутки при рекомендуемой норме «1 грамм на килограмм веса». Так, если человек весит 60 килограммов, его ежедневный рацион должен включать 60 чистых граммов белка, 60 граммов жира и 240 граммов углеводов.
 Обязательно ли считать калории?
 Профессор-диетолог из Нью-Йоркского университета Марион Нестле уверяет [7], что подсчет калорий не имеет смысла: их точное количество высчитать все равно не получится, а удовольствие от еды пропадет. Нестле считает, что нужно менять саму систему питания: выбирать здоровую пищу и уменьшать размеры порций.
 Однако точное количество необходимых калорий высчитывается индивидуально. Например, беременным женщинам, а также детям в период роста и развития стоит увеличить долю белков в рационе, поскольку это основной строительный материал для всех клеток организма. Рацион спортсмена должен быть составлен с учетом энергии, которую он тратит во время тренировок. Человеку, живущему на Крайнем Севере, желательно [8] потреблять больше жиров, так как его тело расходует много энергии на поддержание собственной температуры; в южных странах, напротив, диета включает большое количество углеводов.
 У каждого из нас свой ресурс компенсации неправильного питания, неправильного образа жизни и ночного бодрствования. До некоторых пор компенсаторная система человека в силах самостоятельно справиться с метаболическими сложностями. Затем возникнут проблемы с обменом углеводов, белков или жиров — это стадия предболезни и заболевания. Настоящее нарушение метаболизма начинается уже на стадии декомпенсации метаболических изменений. Избыток углеводов ведет [9] к сахарному диабету II типа у лиц с ожирением, избыток белков — к подагре [10], жиров — к атеросклерозу [11] у людей с предрасположенностью.
 Б — белки
 Белок — это первичный структурный элемент нашего тела: белки, как кирпичи, закладывают основу организма и в то же время выступают для него источником энергии. При недостаточном потреблении этого макронутриента будет страдать не только опорно-двигательный аппарат, но и иммунитет, поскольку его основу составляют глобулы белка — иммуноглобулины. Поэтому белки играют фундаментальную роль при расчете калорийности и качественного состава рациона. 
 Несмотря на то что главным источником белка традиционно считается мясо, набор продуктов, богатых белком, гораздо шире. Он содержится в яйцах, рыбе, морепродуктах, орехах, семенах, крупах, овощах, бобовых, цельнозерновом хлебе, молочных продуктах. Именно эти источники белка, а значит, и незаменимых аминокислот рекомендуют включить в рацион тем, кто исключил из него мясо, например вегетарианцам. Более того, из некоторых видов пищи, скажем из рыбы, белок усваивается лучше, чем из того же красного мяса. Правда, веганам стоит помнить, что растительный белок усваивается хуже мясного и молочного, поэтому чистого белка им необходимо потреблять в полтора раза больше, чем всеядному человеку. Согласно рекомендациям Минздрава России, базовое соотношение белков животного и растительного происхождения в рационе обычного человека должно составлять 50/50. 
 При всей пользе белка садиться на монобелковую диету опасно, поскольку при метаболизме белков образуется много токсичных продуктов обмена, за вывод которых отвечает печень: если их количество резко возрастет, она может не справиться с нагрузкой. В таком случае у человека появятся утомляемость, головная боль, апатия и пропадет аппетит. Монобелковая диета не только повышает риск поражения почек и печени, но и представляет особую опасность для людей с повышенным содержанием мочевой кислоты в крови. Поэтому на одну белковую калорию, как правило, рекомендуется [12] употреблять шесть небелковых.
 Ж — жиры
 Жиры входят в состав всех структур организма и являются для него основным ресурсом энергии (вспомним калорический коэффициент — 9). Жиры делятся на насыщенные и ненасыщенные: первые просты по строению и не полностью усваиваются организмом; молекулы вторых содержат так называемые непрочные связи, поэтому усваиваются гораздо легче.
 Насыщенные жиры должны составлять не более 10% калорийности [13] суточного рациона. Их источники — жирное мясо, сливочное, пальмовое и кокосовое масло, сливки, сыр и свиное сало. Оставшиеся 20% жирных калорий ВОЗ рекомендует [14] обеспечить за счет моно- и полиненасыщенных жиров, которые содержатся в рыбе, авокадо и орехах, а также в подсолнечном, соевом, рапсовом и оливковом масле. При этом мононенасыщенные жиры могут синтезироваться в самом организме человека за счет микробиоты, а вот полиненасыщенные поступают исключительно извне.
 Отдельно стоит упомянуть трансжиры, которые человек практически не в состоянии переварить. В первую очередь речь идет о промышленных трансжирах, которые образуются во время затвердевания ненасыщенных жиров: когда жидкие растительные масла превращаются в твердые (например, в маргарин, мягкие масляные смеси или кулинарный жир), они становятся для нас «ядовитыми» и способствуют [15] воспалению, стрессу эндоплазматического ретикулума в клетках и синтезу «плохого» холестерина. ВОЗ призывает сократить потребление подобных продуктов до 1% от общего количества калорий.
 А вот как ВОЗ рекомендует [14] сокращать общее количество потребляемых жиров:
  — готовьте пищу на пару или варите ее, но не жарьте и не запекайте;
  — замените сливочное масло и свиное сало на растительные масла, богатые полиненасыщенными жирами, например соевое, кукурузное или подсолнечное;
  — употребляйте молочную продукцию со сниженным содержанием жиров и постное мясо;
  — ограничьте потребление запеченных и жареных продуктов, а также заранее приготовленных сладостей (пончики, кексы, пироги, печенье), содержащих трансжиры промышленного производства.
 У — углеводы
 Главная задача углеводов в организме — снабжать тело энергией, чтобы оно могло поддерживать полноценную жизнедеятельность. Если белки скорее являются строительным материалом и только во вторую очередь служат энергетическим субстратом, то для углеводов это главная задача. Некоторые органы человека работают в первую очередь за счет углеводов — просто потому, что в силу особенностей строения углеводов «достать» энергию из них проще, чем из тех же жиров: жиры насыщают надолго, а углеводы дают быструю энергию. Например, несмотря на то что большую часть мозга составляет жировая ткань, он особенно остро нуждается в углеводах, забирая на свои нужды примерно четверть всей энергии организма (около 400 ккал в день); эту энергию он потребляет в форме молекул глюкозы, которые проще всего «достать» из углеводов. 
 Углеводы делятся на простые и сложные — иными словами, на быстро- и медленноусвояемые. По структуре простые углеводы напоминают скорее несколько бусин на цепочке, в то время как сложные углеводы могут быть очень длинными и разветвленными и выглядеть как целое ожерелье. К источникам быстроусвояемых углеводов относятся, например, мед, фрукты и молочные продукты, а к источникам медленноусвояемых — крупы и цельнозерновые хлебобулочные изделия. Простые углеводы легче превращаются в жировые отложения, поэтому к ним так настороженно относятся адепты ЗОЖ. Сложные углеводы расщепляются постепенно, обеспечивая нам длительное и равномерное чувство сытости.
 Какие углеводы быстрые, а какие — медленные?
 Если в продукте содержится одно из этих веществ, он является источником быстрых углеводов:
 — глюкоза (фрукты, овощи, ягоды, мед);
 — фруктоза (мед, фрукты, овощи);
 — сахароза (сахарный тростник, сахарная свекла, фрукты, ягоды);
 — лактоза (молоко);
 — мальтоза (зерновые, фрукты).
 Кроме того, быстрые углеводы есть везде, где добавлен сахар: в выпечке, шоколаде, фруктовых соках, алкоголе, а также в колбасных изделиях и макаронах из мягких сортов пшеницы. Поступив в кровь, такие легкоусвояемые углеводы сразу же превращаются в энергию и при употреблении в небольшом количестве расходуются на сиюминутные потребности организма, не уходя в жир.
 Если продукт содержит следующие вещества, это источник медленных углеводов:
 — крахмал (картофель, рис, пшеница, бобовые, кукуруза);
 — целлюлоза (овощи, фрукты, зерновые, бобовые);
 — пектин (фрукты, бобовые, морские водоросли, злаки).
 Медленные углеводы усваиваются сложнее, расщепляются постепенно и обеспечивают организм силами в течение дня. Макароны из твердых сортов пшеницы, бурый рис, цельнозерновой хлеб или каша будут долго и равномерно снабжать человека энергией.
 Причем организму нужны как простые, так и сложные углеводы. Со сложными все ясно: их считают оптимальным источником энергии и незаменимым компонентом здорового питания. Но зачем нужны простые углеводы, которые скорее окажутся в жировом депо человека? Дело в том, что простые углеводы состоят из одной или двух молекул моносахаридов, у которых простая структура, поэтому они очень легко расщепляются и усваиваются. Углеводы начинают частично усваиваться уже в ротовой полости, и, проглотив пирожное, человек через 15–20 минут чувствует прилив сил. Например, марафонцы и триатлонисты во время соревнований пьют очень сладкие напитки, которые помогают им поддерживать свой потенциал. Так что совсем отказываться от быстрых углеводов не стоит.
 Елена Григорьева, врач-диетолог, ассистент научно-образовательного центра гастроэнтерологии, гепатологии и диетологии Санкт-Петербургского государственного университета:
 — Может возникнуть вопрос: достаточно ли мужчине, который тратит в день 1750 ккал, съесть два тортика и тем самым закрыть потребность в энергии? Увы, нельзя. Питание человека должно быть разнообразным. То есть нужны не только углеводы, но еще белки и жиры. Так что в этих условных «тортиках» должны быть прослойки из мяса, а сверху на каждом из них должен лежать кусочек сливочного масла.","медицина, белки, питание, еда, калории, углеводы, витамины, естественные науки, журнал","питание, медицина, диета, белки, жиры, углеводы, калории"